file,MCD,LSD,FAD
per_chan_8_bit_channel_7.wav,686.9189399389084,17.439163,284.5245941914304
per_group_8_bit_channel_7.wav,642.0023334482865,16.96734,263.9233065577844
per_tensor_4_bit_channel_7.wav,771.3409684764107,30.400393,360.4599893957708
per_group_4_bit_channel_7.wav,747.0585742883458,30.558865,352.4233640629299
per_tensor_8_bit_channel_7.wav,888.2658282116528,29.52694,310.9525763316338
per_chan_4_bit_channel_7.wav,753.875412311679,30.563732,402.3375153666639
base_model_channel_7.wav,702.0148096757069,17.929155,268.5674164821264
