file,MCD,LSD,FAD
per_chan_8_bit_channel_6.wav,713.6855149100807,22.363173,167.15767925127295
per_group_8_bit_channel_6.wav,713.7397875037406,22.466022,166.90422127423113
per_tensor_4_bit_channel_6.wav,842.7941214059738,33.26449,417.0055911556839
per_group_4_bit_channel_6.wav,814.1797112050134,32.531246,455.24545524666513
per_tensor_8_bit_channel_6.wav,901.8993247303185,33.172123,362.64840606245184
per_chan_4_bit_channel_6.wav,832.5179490560437,33.48449,480.34138590467825
base_model_channel_6.wav,742.2413663052159,22.731218,163.66843110858795
