file,MCD,LSD,FAD
per_chan_8_bit_channel_5.wav,552.4205069653718,17.94555,216.05888541124222
per_tensor_4_bit_channel_5.wav,831.7996682581582,31.33934,314.0866090277738
per_group_8_bit_channel_5.wav,565.9828777418031,18.627771,210.28713946910332
per_tensor_8_bit_channel_5.wav,953.8637900912528,30.04413,286.5191896529167
per_group_4_bit_channel_5.wav,741.0203079039488,31.272127,320.3577795553517
base_model_channel_5.wav,554.3305357376818,17.741644,204.05456897252108
per_chan_4_bit_channel_5.wav,798.763158521888,32.163,354.0367106179929
