file,MCD,LSD,FAD
per_tensor_8_bit_channel_11.wav,1157.6336553530903,43.917625,329.73012291779423
per_group_4_bit_channel_11.wav,1020.987073214451,49.100994,382.67539393561776
per_chan_4_bit_channel_11.wav,1026.458694107743,49.64634,433.23624943523544
per_group_8_bit_channel_11.wav,807.5182577176067,23.745445,179.04196643156337
per_chan_8_bit_channel_11.wav,798.4427070190114,23.333393,175.5154959187471
base_model_channel_11.wav,854.2473736217337,23.235952,171.17672480271273
per_tensor_4_bit_channel_11.wav,1024.6493794572366,48.803406,396.69935535490424
