file,MCD,LSD,FAD
per_tensor_4_bit_channel_2.wav,785.3379904167566,32.09114,408.3946446425748
per_group_8_bit_channel_2.wav,639.3015751928397,19.378834,214.92010683301032
per_chan_8_bit_channel_2.wav,615.1693817528007,18.106895,220.14350052698296
base_model_channel_2.wav,619.9635534775678,17.87073,197.63615095350104
per_chan_4_bit_channel_2.wav,786.9334477741106,32.458366,478.58208193930466
per_tensor_8_bit_channel_2.wav,871.3456819657758,31.985287,367.287461646315
per_group_4_bit_channel_2.wav,772.6183218652179,33.11374,461.18856421400324
