file,MCD,LSD,FAD
per_tensor_8_bit_channel_14.wav,1004.8970444676984,41.96069,317.91187622000064
per_group_4_bit_channel_14.wav,863.7744875212302,45.220333,380.03915031016834
per_chan_4_bit_channel_14.wav,871.4078545528972,44.85276,399.58662162420046
per_group_8_bit_channel_14.wav,653.855603827562,24.73647,250.85992652923917
per_chan_8_bit_channel_14.wav,735.7694301268822,24.0868,257.78240538283984
per_tensor_4_bit_channel_14.wav,873.0529799362641,44.722553,346.9661201802927
base_model_channel_14.wav,683.9152394347307,24.113308,252.0851473430104
