file,MCD,LSD,FAD
per_tensor_8_bit_channel_15.wav,1049.050386963754,34.76615,335.09745781694744
per_chan_4_bit_channel_15.wav,900.3952730744719,35.94395,464.42922582022857
per_group_4_bit_channel_15.wav,896.1380740800023,36.354294,437.2862637035446
per_chan_8_bit_channel_15.wav,634.7767330539486,16.596998,262.5940513466392
per_group_8_bit_channel_15.wav,627.6196135668969,16.92445,272.82834536007965
per_tensor_4_bit_channel_15.wav,902.9860942024925,35.883137,427.1750900103073
base_model_channel_15.wav,663.2345853738012,17.414145,292.9497090821376
