file,MCD,LSD,FAD
per_tensor_4_bit_channel_3.wav,951.2853038237374,37.515907,368.90975982279315
per_group_8_bit_channel_3.wav,670.0790414498844,18.085426,232.4231557943143
per_chan_8_bit_channel_3.wav,655.2203454390539,17.899288,232.70970002694847
base_model_channel_3.wav,685.7537147445662,18.44485,237.44310754896583
per_chan_4_bit_channel_3.wav,928.7108372720019,38.360542,458.0041215248651
per_tensor_8_bit_channel_3.wav,1025.790022081557,38.018917,359.4023615941886
per_group_4_bit_channel_3.wav,926.7977779728562,39.405655,453.55162705145574
