file,MCD,LSD,FAD
per_tensor_8_bit_channel_16.wav,1275.2451099681525,48.353886,358.12287141911634
per_chan_4_bit_channel_16.wav,1003.3986403910077,49.523125,435.2047187261346
per_group_4_bit_channel_16.wav,993.7324495604896,49.940426,440.7285290844225
per_chan_8_bit_channel_16.wav,644.5954743874738,18.893305,216.8287794327068
per_group_8_bit_channel_16.wav,637.4999795165604,19.3456,216.78788600479987
per_tensor_4_bit_channel_16.wav,1012.739577049881,49.362373,348.60268075203635
base_model_channel_16.wav,637.6927196621642,19.411663,223.66663709342038
