file,MCD,LSD,FAD
per_tensor_8_bit_channel_10.wav,927.33877343749,30.413286,332.20867299029516
per_chan_4_bit_channel_10.wav,815.1954545597968,30.745214,486.8554416198511
per_group_4_bit_channel_10.wav,817.5095585251887,31.905708,442.16864648054786
per_chan_8_bit_channel_10.wav,691.7127421716624,18.347359,205.44403042630194
per_group_8_bit_channel_10.wav,672.0772283092954,18.376072,178.1017250165889
base_model_channel_10.wav,671.8757915596002,18.10552,183.94829687624593
per_tensor_4_bit_channel_10.wav,808.229166843059,31.540009,469.54214851504287
