file,MCD,LSD,FAD
per_chan_4_bit_channel_9.wav,772.6270460839318,29.540943,438.712767513557
base_model_channel_9.wav,703.9457842007859,19.963905,178.15279900244389
per_group_4_bit_channel_9.wav,768.5391998590488,29.637152,406.9328209497491
per_tensor_8_bit_channel_9.wav,872.2716726651524,28.63426,319.778742751198
per_group_8_bit_channel_9.wav,695.3452662128694,18.615093,177.55866409447424
per_tensor_4_bit_channel_9.wav,757.9319083454313,29.554485,423.1969209919736
per_chan_8_bit_channel_9.wav,669.9454027242947,18.71332,169.6189485031016
