file,MCD,LSD,FAD
per_group_8_bit_channel_1.wav,562.2347407213538,18.14103,210.97395965102953
per_tensor_4_bit_channel_1.wav,800.7447748818594,26.451178,413.06686100999923
per_chan_8_bit_channel_1.wav,588.6901131153068,18.433287,213.0367177280637
per_chan_4_bit_channel_1.wav,769.5399051254598,25.872086,491.64379205008527
base_model_channel_1.wav,570.9499097462578,17.642149,214.48061267771527
per_group_4_bit_channel_1.wav,792.2204365692795,26.759415,470.3081876658728
per_tensor_8_bit_channel_1.wav,879.5707109664528,26.601099,344.2002277082442
