file,MCD,LSD,FAD
per_chan_8_bit_channel_4.wav,680.9718026121378,19.070198,230.5053128528213
per_tensor_4_bit_channel_4.wav,914.1105004217831,37.235924,390.0585336471725
per_group_8_bit_channel_4.wav,671.6893614981065,19.184233,222.98937482144905
per_tensor_8_bit_channel_4.wav,1100.0237708381414,36.815826,347.39657629131193
per_group_4_bit_channel_4.wav,909.5703209673101,37.54895,430.38601785041794
base_model_channel_4.wav,711.2400877471568,19.366058,238.5402903457792
per_chan_4_bit_channel_4.wav,913.5921264499847,37.299522,452.834550434931
