file,MCD,LSD,FAD
per_tensor_8_bit_channel_12.wav,1162.431226129471,55.991177,348.9759217476642
per_group_4_bit_channel_12.wav,1107.964414434261,58.69319,369.10134757184863
per_chan_4_bit_channel_12.wav,1098.6843383383305,57.23624,382.10612106548433
per_group_8_bit_channel_12.wav,922.6917624200097,34.57978,214.52792904446753
per_chan_8_bit_channel_12.wav,869.7248107880514,34.799725,211.53556458485716
base_model_channel_12.wav,831.9081426956059,33.47143,210.11720524540084
per_tensor_4_bit_channel_12.wav,1072.0347703154034,57.94648,403.2933624199094
