file,MCD,LSD,FAD
per_tensor_8_bit_channel_13.wav,1148.2945521307745,57.096855,342.38631692469403
per_chan_4_bit_channel_13.wav,1128.5989895081184,59.106266,373.9652127301662
per_group_4_bit_channel_13.wav,1135.4916017543778,58.47712,361.20468613789217
per_chan_8_bit_channel_13.wav,861.1442370290183,33.58997,236.8938699625657
per_group_8_bit_channel_13.wav,858.8479934626138,34.507225,229.46454241856213
base_model_channel_13.wav,822.4598842158708,32.765793,225.36086847957074
per_tensor_4_bit_channel_13.wav,1100.9385903568896,57.26728,398.2062906648976
