file,MCD,LSD,FAD
per_chan_4_bit_channel_8.wav,879.4342263937369,35.528175,496.28146242532455
base_model_channel_8.wav,648.7798329616172,19.186192,173.26544748947921
per_group_4_bit_channel_8.wav,868.7766659488127,36.283928,476.83283765498567
per_tensor_8_bit_channel_8.wav,1032.2284325822216,32.700962,365.46625638847866
per_group_8_bit_channel_8.wav,658.9628203202418,19.29115,191.1480437899948
per_tensor_4_bit_channel_8.wav,900.5266534864724,36.19364,420.4431973801445
per_chan_8_bit_channel_8.wav,700.0074144061704,19.522316,220.51681066275273
