file,MCD,LSD,FAD
base_model_100_steps_channel_1.wav,565.9054751612783,18.040545,209.56131286112705
weight_quantized_global_8_bit_10_steps_channel_1.wav,796.3022237958626,25.602074,347.65188231421143
weight_quantized_per_channel_8_bit_100_steps_channel_1.wav,555.5084076610412,17.522959,210.65444611749538
weight_quantized_per_channel_4_bit_4_steps_channel_1.wav,771.9017550819717,26.046917,460.1159619798859
weight_quantized_global_4_bit_3_steps_channel_1.wav,792.2288186982739,26.640213,412.09215790266506
